date,store,item,actual_sales,predicted_sales
2017-01-01,1,1,19,17.507790802062907
2017-01-02,1,1,15,19.014323274485402
2017-01-03,1,1,10,17.520754298065643
2017-01-04,1,1,16,17.018125804043905
2017-01-05,1,1,14,15.773130147723927
2017-01-06,1,1,24,17.032341909527148
2017-01-07,1,1,14,20.034667056399645
2017-01-08,1,1,20,20.296255171087694
2017-01-09,1,1,18,17.29427300569527
2017-01-10,1,1,11,14.545966275748906
2017-01-11,1,1,14,14.290459448611115
2017-01-12,1,1,17,19.801663781704406
2017-01-13,1,1,7,15.559225684784263
2017-01-14,1,1,16,15.558702482187314
2017-01-15,1,1,29,20.05170160577941
2017-01-16,1,1,15,15.312151034220435
2017-01-17,1,1,14,19.050402379348466
2017-01-18,1,1,10,15.802407897418888
2017-01-19,1,1,16,13.56411470579734
2017-01-20,1,1,22,17.07773482380211
2017-01-21,1,1,13,20.330625419488836
2017-01-22,1,1,21,21.08851600836054
2017-01-23,1,1,9,21.578231178933045
2017-01-24,1,1,18,18.83042594408887
2017-01-25,1,1,14,16.07679406761992
2017-01-26,1,1,13,16.08020404101754
2017-01-27,1,1,10,14.840484361724698
2017-01-28,1,1,16,15.839508944966884
2017-01-29,1,1,24,20.342702879655256
2017-01-30,1,1,9,18.594930726291413
2017-01-31,1,1,17,19.075393227095432
2017-02-01,1,1,15,17.834809111613097
2017-02-02,1,1,17,14.331635287940811
2017-02-03,1,1,24,19.855992822494947
2017-02-04,1,1,25,17.850302742375053
2017-02-05,1,1,25,19.097139173061283
2017-02-06,1,1,16,18.351534548725983
2017-02-07,1,1,12,18.84545303246673
2017-02-08,1,1,20,17.35067815279
2017-02-09,1,1,16,19.09575967302263
2017-02-10,1,1,16,16.852091838555367
2017-02-11,1,1,18,19.10087331556984
2017-02-12,1,1,19,20.362370348540196
2017-02-13,1,1,11,18.60690707141108
2017-02-14,1,1,15,17.615293334114252
2017-02-15,1,1,22,21.113395190969115
2017-02-16,1,1,11,17.862576106484905
2017-02-17,1,1,17,18.11321786103383
2017-02-18,1,1,22,17.867995873900853
2017-02-19,1,1,18,21.612991375891273
2017-02-20,1,1,5,21.61581800113775
2017-02-21,1,1,14,17.60023647395262
2017-02-22,1,1,12,13.350484910969868
2017-02-23,1,1,26,15.864546214253604
2017-02-24,1,1,15,17.614564355547415
2017-02-25,1,1,16,18.616406683549155
2017-02-26,1,1,28,18.364502042666047
2017-02-27,1,1,12,21.107107451127053
2017-02-28,1,1,20,19.60646922178688
2017-03-01,1,1,16,20.093884599811467
2017-03-02,1,1,23,20.35576922263263
2017-03-03,1,1,22,18.8567509921621
2017-03-04,1,1,13,21.85083326189676
2017-03-05,1,1,25,21.86575011541014
2017-03-06,1,1,11,19.09917421236089
2017-03-07,1,1,14,19.09675014732544
2017-03-08,1,1,17,20.6106539443204
2017-03-09,1,1,16,21.34572184626037
2017-03-10,1,1,18,25.363437648032892
2017-03-11,1,1,15,22.356235942981893
2017-03-12,1,1,21,20.35857308120286
2017-03-13,1,1,14,21.601503290348372
2017-03-14,1,1,24,20.608198228486366
2017-03-15,1,1,22,24.08818727867835
2017-03-16,1,1,23,20.101949127991
2017-03-17,1,1,17,24.59577072309728
2017-03-18,1,1,20,27.108595958142203
2017-03-19,1,1,25,25.59998014224003
2017-03-20,1,1,14,25.8421909719017
2017-03-21,1,1,13,24.085599591343385
2017-03-22,1,1,23,19.32606388976751
2017-03-23,1,1,18,19.091784677824137
2017-03-24,1,1,19,21.83877142476738
2017-03-25,1,1,20,20.84645249844406
2017-03-26,1,1,17,21.595474998742628
2017-03-27,1,1,21,23.340237752432827
2017-03-28,1,1,13,23.083578047610732
2017-03-29,1,1,12,21.075485092510334
2017-03-30,1,1,22,22.094630690414498
2017-03-31,1,1,13,24.834281904977438
2017-04-01,1,1,26,27.077599555178665
2017-04-02,1,1,21,26.838016490807732
2017-04-03,1,1,17,23.828641865951344
2017-04-04,1,1,22,26.576021395423407
2017-04-05,1,1,21,24.33298810508003
2017-04-06,1,1,25,22.574855245150893
2017-04-07,1,1,25,23.33667330660049
2017-04-08,1,1,23,25.079652954772126
2017-04-09,1,1,20,27.337666176828208
2017-04-10,1,1,19,23.325526310519635
2017-04-11,1,1,21,25.084230392810134
2017-04-12,1,1,17,28.318186795401946
2017-04-13,1,1,25,25.33908669216286
2017-04-14,1,1,15,22.34304088617508
2017-04-15,1,1,20,24.07835274692151
2017-04-16,1,1,32,24.821177144896925
2017-04-17,1,1,13,27.07221567453963
2017-04-18,1,1,21,25.31751263954318
2017-04-19,1,1,19,24.31964219703132
2017-04-20,1,1,26,20.324399427889524
2017-04-21,1,1,27,20.831705313879144
2017-04-22,1,1,19,22.330282481040406
2017-04-23,1,1,22,27.08759930170402
2017-04-24,1,1,17,25.82339687991844
2017-04-25,1,1,26,25.317374707587945
2017-04-26,1,1,22,24.320777496468818
2017-04-27,1,1,26,21.33046356448967
2017-04-28,1,1,25,25.58317973706377
2017-04-29,1,1,32,26.332250603447974
2017-04-30,1,1,33,27.823241546688458
2017-05-01,1,1,15,28.074457629655747
2017-05-02,1,1,21,25.823863193458433
2017-05-03,1,1,29,25.335343787067146
2017-05-04,1,1,19,20.075049718942168
2017-05-05,1,1,28,24.83472223783546
2017-05-06,1,1,34,22.833840054354678
2017-05-07,1,1,31,25.342761687254253
2017-05-08,1,1,24,24.08076321361398
2017-05-09,1,1,32,29.086886735750877
2017-05-10,1,1,17,22.0862338605046
2017-05-11,1,1,18,20.34297009810029
2017-05-12,1,1,26,23.593110537603586
2017-05-13,1,1,25,28.096968588477363
2017-05-14,1,1,32,31.354508379668573
2017-05-15,1,1,17,22.836917071396684
2017-05-16,1,1,24,27.339454368348047
2017-05-17,1,1,16,27.341442287867043
2017-05-18,1,1,32,24.348404629874825
2017-05-19,1,1,35,28.085474794954045
2017-05-20,1,1,34,30.59378841986055
2017-05-21,1,1,25,28.862747805931
2017-05-22,1,1,20,28.8420488442125
2017-05-23,1,1,15,26.836596207070926
2017-05-24,1,1,30,26.832288847272928
2017-05-25,1,1,22,19.10905452859224
2017-05-26,1,1,24,22.85898235803045
2017-05-27,1,1,35,24.621749885642735
2017-05-28,1,1,33,32.61915188390544
2017-05-29,1,1,23,30.099595356444773
2017-05-30,1,1,17,27.09374847188594
2017-05-31,1,1,20,23.594747226044294
2017-06-01,1,1,29,25.12154389335598
2017-06-02,1,1,25,28.875637757612093
2017-06-03,1,1,36,27.855281382351208
2017-06-04,1,1,27,31.89794566908966
2017-06-05,1,1,22,27.615069996132
2017-06-06,1,1,22,26.615740680509088
2017-06-07,1,1,29,28.582486299583927
2017-06-08,1,1,26,24.3642249296753
2017-06-09,1,1,16,30.131517517211137
2017-06-10,1,1,41,28.872169142772737
2017-06-11,1,1,28,28.374445636575718
2017-06-12,1,1,23,30.12657401646122
2017-06-13,1,1,26,30.11754974725344
2017-06-14,1,1,32,26.117412997892668
2017-06-15,1,1,30,30.149438215864286
2017-06-16,1,1,26,27.376101722262455
2017-06-17,1,1,31,26.131242582300636
2017-06-18,1,1,38,29.62828516914835
2017-06-19,1,1,30,27.88399876499291
2017-06-20,1,1,22,29.129722920387145
2017-06-21,1,1,26,28.125707309218406
2017-06-22,1,1,24,26.890475522315533
2017-06-23,1,1,26,27.884855520225692
2017-06-24,1,1,30,29.389155076085025
2017-06-25,1,1,26,33.88928551897298
2017-06-26,1,1,21,32.407211721755395
2017-06-27,1,1,32,27.644145776183322
2017-06-28,1,1,50,26.381927527917888
2017-06-29,1,1,28,25.634901287554797
2017-06-30,1,1,28,31.64497428261955
2017-07-01,1,1,31,29.13747812640739
2017-07-02,1,1,38,36.14921433542892
2017-07-03,1,1,18,26.915380064246097
2017-07-04,1,1,23,29.64425637850715
2017-07-05,1,1,23,28.41179527211242
2017-07-06,1,1,31,29.140515998446496
2017-07-07,1,1,32,33.65090197550751
2017-07-08,1,1,27,28.88964129040678
2017-07-09,1,1,32,31.409340887861994
2017-07-10,1,1,16,26.42014811757534
2017-07-11,1,1,23,28.15397688681834
2017-07-12,1,1,29,29.152188460229954
2017-07-13,1,1,22,25.409899677758748
2017-07-14,1,1,38,30.147889909660528
2017-07-15,1,1,40,31.149986787492537
2017-07-16,1,1,36,34.65302849925521
2017-07-17,1,1,20,33.93158294672068
2017-07-18,1,1,26,28.91488153525295
2017-07-19,1,1,24,28.923335491156976
2017-07-20,1,1,37,31.65314495166144
2017-07-21,1,1,27,24.15276722591962
2017-07-22,1,1,35,31.90583056654938
2017-07-23,1,1,32,30.420578464680098
2017-07-24,1,1,27,34.189649922001124
2017-07-25,1,1,20,27.165051977708398
2017-07-26,1,1,28,27.157205796237612
2017-07-27,1,1,35,25.151097706845192
2017-07-28,1,1,25,30.160240714226
2017-07-29,1,1,30,33.64958028094171
2017-07-30,1,1,26,27.401778506226975
2017-07-31,1,1,22,24.919395292591503
2017-08-01,1,1,18,27.67024712909758
2017-08-02,1,1,19,29.411185605322842
2017-08-03,1,1,25,26.893396294719654
2017-08-04,1,1,26,25.410403779689652
2017-08-05,1,1,35,26.421376243263424
2017-08-06,1,1,29,28.652852541062074
2017-08-07,1,1,20,26.94260989968202
2017-08-08,1,1,28,25.405749841960834
2017-08-09,1,1,28,25.413982970613194
2017-08-10,1,1,31,23.655015112480726
2017-08-11,1,1,25,20.161707737546774
2017-08-12,1,1,32,25.901691008453607
2017-08-13,1,1,32,30.641719095548027
2017-08-14,1,1,26,25.90711126388242
2017-08-15,1,1,18,26.673858855723005
2017-08-16,1,1,24,28.15500312127915
2017-08-17,1,1,21,23.393557634364708
2017-08-18,1,1,35,24.88995231776528
2017-08-19,1,1,29,29.144418159721035
2017-08-20,1,1,27,25.654026669465125
2017-08-21,1,1,19,24.16501320350839
2017-08-22,1,1,28,26.398972919049278
2017-08-23,1,1,26,26.630279467197102
2017-08-24,1,1,15,24.155676665790747
2017-08-25,1,1,30,25.641724844941525
2017-08-26,1,1,38,26.39615135285746
2017-08-27,1,1,26,29.62904782794225
2017-08-28,1,1,15,26.662913491660127
2017-08-29,1,1,21,26.15840696185187
2017-08-30,1,1,22,25.650387239267385
2017-08-31,1,1,26,20.634821082507937
2017-09-01,1,1,38,22.885881435784636
2017-09-02,1,1,26,25.117161508109483
2017-09-03,1,1,23,29.888308405418037
2017-09-04,1,1,12,28.86903212651034
2017-09-05,1,1,26,26.87351817959817
2017-09-06,1,1,24,22.8843174389297
2017-09-07,1,1,29,23.8648095335904
2017-09-08,1,1,28,25.37292419429003
2017-09-09,1,1,28,27.874151170899285
2017-09-10,1,1,30,26.122277885077683
2017-09-11,1,1,16,25.62059805367008
2017-09-12,1,1,20,29.124876197272243
2017-09-13,1,1,13,20.86933766259231
2017-09-14,1,1,26,22.870424497177066
2017-09-15,1,1,28,23.11965333883806
2017-09-16,1,1,27,22.115435386645576
2017-09-17,1,1,30,30.365978039511273
2017-09-18,1,1,22,24.11878837828763
2017-09-19,1,1,21,22.85697128638172
2017-09-20,1,1,20,23.350692055793587
2017-09-21,1,1,20,25.60222277615476
2017-09-22,1,1,28,24.350129266171802
2017-09-23,1,1,37,24.346587560930573
2017-09-24,1,1,24,26.84907908557832
2017-09-25,1,1,14,25.365238652322866
2017-09-26,1,1,18,21.35355611610013
2017-09-27,1,1,27,25.340247993308775
2017-09-28,1,1,23,23.832744412648168
2017-09-29,1,1,28,22.3395637744802
2017-09-30,1,1,30,20.081341081474246
2017-10-01,1,1,21,25.33814262327153
2017-10-02,1,1,12,25.098713771613337
2017-10-03,1,1,18,26.33192729086549
2017-10-04,1,1,15,19.33937423103147
2017-10-05,1,1,20,20.32855279144743
2017-10-06,1,1,19,23.840293252031515
2017-10-07,1,1,22,25.084189654465046
2017-10-08,1,1,19,26.824191032273
2017-10-09,1,1,9,26.344768002457975
2017-10-10,1,1,23,23.337453506186453
2017-10-11,1,1,14,20.83650226063331
2017-10-12,1,1,24,23.58871647991951
2017-10-13,1,1,23,26.056845936896057
2017-10-14,1,1,26,26.058279406712163
2017-10-15,1,1,28,23.311616709001317
2017-10-16,1,1,19,23.57458918585358
2017-10-17,1,1,17,22.0701584219633
2017-10-18,1,1,15,22.822218663347574
2017-10-19,1,1,26,25.80544635837065
2017-10-20,1,1,22,21.053887013106397
2017-10-21,1,1,26,26.314289835129436
2017-10-22,1,1,32,24.068873948786035
2017-10-23,1,1,20,26.333084268473844
2017-10-24,1,1,23,22.326650791533776
2017-10-25,1,1,22,20.067206538024756
2017-10-26,1,1,28,18.291772493314262
2017-10-27,1,1,20,20.06011036505262
2017-10-28,1,1,22,22.805104720796958
2017-10-29,1,1,29,30.297314744657864
2017-10-30,1,1,22,26.056582756477816
2017-10-31,1,1,24,28.0632090202325
2017-11-01,1,1,16,25.05474543544205
2017-11-02,1,1,21,23.550545699510554
2017-11-03,1,1,18,23.803104871474023
2017-11-04,1,1,34,27.045774411028166
2017-11-05,1,1,23,24.809665313891863
2017-11-06,1,1,17,23.30757520916881
2017-11-07,1,1,23,24.557603323068577
2017-11-08,1,1,14,23.29510195277589
2017-11-09,1,1,21,21.798446114707627
2017-11-10,1,1,19,25.04002675799739
2017-11-11,1,1,24,25.538650584901152
2017-11-12,1,1,27,31.03287678348486
2017-11-13,1,1,22,26.81097974806487
2017-11-14,1,1,16,21.040022760905153
2017-11-15,1,1,19,22.544604160718585
2017-11-16,1,1,22,25.302521624475176
2017-11-17,1,1,25,25.297962007082877
2017-11-18,1,1,31,28.52431236113398
2017-11-19,1,1,32,26.298105904391186
2017-11-20,1,1,21,24.56017614040416
2017-11-21,1,1,29,29.060888662815927
2017-11-22,1,1,27,23.79427972591549
2017-11-23,1,1,25,21.5431339216536
2017-11-24,1,1,22,27.53549732375548
2017-11-25,1,1,29,29.55609128149562
2017-11-26,1,1,24,25.54595257837726
2017-11-27,1,1,10,28.296322522704337
2017-11-28,1,1,14,25.780800607123233
2017-11-29,1,1,28,18.78255656509192
2017-11-30,1,1,15,16.78894393400945
2017-12-01,1,1,19,18.046544135895125
2017-12-02,1,1,16,20.28504576887984
2017-12-03,1,1,31,20.02235768032735
2017-12-04,1,1,7,18.79431460425336
2017-12-05,1,1,20,17.295972236876647
2017-12-06,1,1,17,19.28621782213038
2017-12-07,1,1,18,17.786357746548322
2017-12-08,1,1,17,16.55159998192184
2017-12-09,1,1,27,17.29221378421151
2017-12-10,1,1,20,18.77825509764383
2017-12-11,1,1,20,18.041155886826953
2017-12-12,1,1,13,19.774903658447144
2017-12-13,1,1,17,17.542459458846338
2017-12-14,1,1,14,18.048191116904228
2017-12-15,1,1,16,16.032691180527465
2017-12-16,1,1,15,20.785948019042642
2017-12-17,1,1,22,19.52961636677668
2017-12-18,1,1,19,20.79265981481108
2017-12-19,1,1,7,18.534937311992373
2017-12-20,1,1,16,14.79089794658967
2017-12-21,1,1,12,18.03225654777661
2017-12-22,1,1,6,19.53319049639427
2017-12-23,1,1,18,18.79781521517679
2017-12-24,1,1,19,19.53507707933994
2017-12-25,1,1,13,20.797585583650427
2017-12-26,1,1,16,16.300388025871825
2017-12-27,1,1,14,17.041096565528314
2017-12-28,1,1,19,17.280879503220234
2017-12-29,1,1,15,21.535049585060662
2017-12-30,1,1,27,18.853326006228354
2017-12-31,1,1,23,20.42973977922682
2017-01-01,1,12,54,50.86460239715689
2017-01-02,1,12,36,54.58533888321887
2017-01-03,1,12,52,55.832054910513534
2017-01-04,1,12,42,44.31994995704845
2017-01-05,1,12,49,47.2821133638474
2017-01-06,1,12,45,53.01116237305388
2017-01-07,1,12,66,52.47688840379156
2017-01-08,1,12,48,53.42794793610684
2017-01-09,1,12,25,46.17507372257525
2017-01-10,1,12,43,51.13751917739137
2017-01-11,1,12,45,46.922198789961485
2017-01-12,1,12,44,49.34984776877562
2017-01-13,1,12,48,47.86930446479227
2017-01-14,1,12,47,46.550103125344066
2017-01-15,1,12,63,56.232454741825464
2017-01-16,1,12,34,48.731597534906
2017-01-17,1,12,44,49.210897438784585
2017-01-18,1,12,33,49.754450523823955
2017-01-19,1,12,52,45.43983791238968
2017-01-20,1,12,52,46.44351922461124
2017-01-21,1,12,49,50.14527241360044
2017-01-22,1,12,58,57.11489533836652
2017-01-23,1,12,48,54.86139259439196
2017-01-24,1,12,42,50.11823642999076
2017-01-25,1,12,48,49.140412651072594
2017-01-26,1,12,46,51.30699406876563
2017-01-27,1,12,60,50.30818344779884
2017-01-28,1,12,55,48.29485382516882
2017-01-29,1,12,51,56.987999401558696
2017-01-30,1,12,37,55.219984303098336
2017-01-31,1,12,47,49.48775756342107
2017-02-01,1,12,54,46.24731172532537
2017-02-02,1,12,46,51.18247508000533
2017-02-03,1,12,50,54.182846853848126
2017-02-04,1,12,59,55.65788944283433
2017-02-05,1,12,67,54.868994600969614
2017-02-06,1,12,41,57.595973792081594
2017-02-07,1,12,51,56.40414096057208
2017-02-08,1,12,58,54.13164832516679
2017-02-09,1,12,45,45.11620429117492
2017-02-10,1,12,49,55.08962339594616
2017-02-11,1,12,49,54.795252703584545
2017-02-12,1,12,57,61.498653347342035
2017-02-13,1,12,38,53.21588121616896
2017-02-14,1,12,45,53.23692384682046
2017-02-15,1,12,49,47.483308328755314
2017-02-16,1,12,60,50.205342231602174
2017-02-17,1,12,55,53.197046582302846
2017-02-18,1,12,59,54.451618644691884
2017-02-19,1,12,65,51.64902926249055
2017-02-20,1,12,51,50.12954832328812
2017-02-21,1,12,50,56.42004485921361
2017-02-22,1,12,41,55.2041605309399
2017-02-23,1,12,61,47.41887792725268
2017-02-24,1,12,63,49.643784358653704
2017-02-25,1,12,60,51.62007726031126
2017-02-26,1,12,70,66.09844445947071
2017-02-27,1,12,39,62.8490985479813
2017-02-28,1,12,56,59.381088501588195
2017-03-01,1,12,39,64.42407079017784
2017-03-02,1,12,67,56.324617482269666
2017-03-03,1,12,61,66.01366129752765
2017-03-04,1,12,75,62.52544801368768
2017-03-05,1,12,85,69.72733354885511
2017-03-06,1,12,51,66.19886659739821
2017-03-07,1,12,74,65.03915203622982
2017-03-08,1,12,60,61.803953159594414
2017-03-09,1,12,60,61.71911429439326
2017-03-10,1,12,59,60.429196911584555
2017-03-11,1,12,72,61.88518621435363
2017-03-12,1,12,82,71.36108618171684
2017-03-13,1,12,49,63.88546287827633
2017-03-14,1,12,64,66.4018943668388
2017-03-15,1,12,59,63.17030135638822
2017-03-16,1,12,60,55.63595965540636
2017-03-17,1,12,76,59.13830508849576
2017-03-18,1,12,70,63.36453885942426
2017-03-19,1,12,65,70.33054100002592
2017-03-20,1,12,43,72.31445206257206
2017-03-21,1,12,39,61.083626942297506
2017-03-22,1,12,43,61.89484195383585
2017-03-23,1,12,63,54.34207993807597
2017-03-24,1,12,65,62.610400433781635
2017-03-25,1,12,69,65.57740712513309
2017-03-26,1,12,84,70.78680250397362
2017-03-27,1,12,59,62.51454827949112
2017-03-28,1,12,62,68.29792460923198
2017-03-29,1,12,53,64.08956081239602
2017-03-30,1,12,70,71.02983634712436
2017-03-31,1,12,77,75.03847680334482
2017-04-01,1,12,78,73.22676727957472
2017-04-02,1,12,72,75.67900201110481
2017-04-03,1,12,76,72.40753647057343
2017-04-04,1,12,79,70.45317278651653
2017-04-05,1,12,73,69.21312075953503
2017-04-06,1,12,88,64.40159988426186
2017-04-07,1,12,68,70.65642308130681
2017-04-08,1,12,86,82.39213212227678
2017-04-09,1,12,83,76.84177987381645
2017-04-10,1,12,59,71.59978579955155
2017-04-11,1,12,59,65.35782982934596
2017-04-12,1,12,65,68.13601293126128
2017-04-13,1,12,79,65.60662581568316
2017-04-14,1,12,81,69.10243259700454
2017-04-15,1,12,94,66.06605553450318
2017-04-16,1,12,97,93.03300589690004
2017-04-17,1,12,70,70.78969642238874
2017-04-18,1,12,71,70.0543867715592
2017-04-19,1,12,77,64.09510456177793
2017-04-20,1,12,82,66.02345897559256
2017-04-21,1,12,95,73.76865041373655
2017-04-22,1,12,89,74.53214196365876
2017-04-23,1,12,95,86.24142777230651
2017-04-24,1,12,66,68.6656329111054
2017-04-25,1,12,75,71.21088226089198
2017-04-26,1,12,73,71.24498973573809
2017-04-27,1,12,68,69.20439582463928
2017-04-28,1,12,93,66.40461485716222
2017-04-29,1,12,99,77.65513363219723
2017-04-30,1,12,83,85.65668015237273
2017-05-01,1,12,52,70.64749914639049
2017-05-02,1,12,71,76.48883738391487
2017-05-03,1,12,75,83.0354254507617
2017-05-04,1,12,91,80.44833429950927
2017-05-05,1,12,91,78.46387964801298
2017-05-06,1,12,91,74.13132134012845
2017-05-07,1,12,94,75.87441090668194
2017-05-08,1,12,60,87.85111089683932
2017-05-09,1,12,68,77.1379854407515
2017-05-10,1,12,77,75.91292288234038
2017-05-11,1,12,73,72.10338552259654
2017-05-12,1,12,98,76.57831663079405
2017-05-13,1,12,75,83.53001517014593
2017-05-14,1,12,118,76.49232441993593
2017-05-15,1,12,69,80.21458996397548
2017-05-16,1,12,66,73.75329658442213
2017-05-17,1,12,74,73.58164251965775
2017-05-18,1,12,72,66.49220454688404
2017-05-19,1,12,96,70.21955308770228
2017-05-20,1,12,78,75.69407606709825
2017-05-21,1,12,107,77.13211638660998
2017-05-22,1,12,61,77.14239379750987
2017-05-23,1,12,82,74.922938835092
2017-05-24,1,12,70,74.48115040615063
2017-05-25,1,12,75,67.15948493302898
2017-05-26,1,12,93,69.15252366189377
2017-05-27,1,12,85,76.11413844006408
2017-05-28,1,12,93,89.06296335094514
2017-05-29,1,12,71,70.56421181606481
2017-05-30,1,12,74,72.09221024760966
2017-05-31,1,12,67,79.17709867661908
2017-06-01,1,12,88,67.55708678377573
2017-06-02,1,12,85,78.76036097840091
2017-06-03,1,12,96,74.21924585458245
2017-06-04,1,12,104,84.96576486682338
2017-06-05,1,12,62,86.45708496901148
2017-06-06,1,12,82,77.27480387394733
2017-06-07,1,12,62,80.10412449953093
2017-06-08,1,12,75,79.51730663174551
2017-06-09,1,12,107,83.27965965370561
2017-06-10,1,12,98,83.21155352029487
2017-06-11,1,12,93,83.68175476813818
2017-06-12,1,12,79,87.38905218250365
2017-06-13,1,12,97,73.65034431168178
2017-06-14,1,12,82,83.45764784727841
2017-06-15,1,12,80,76.60512348134148
2017-06-16,1,12,95,81.64854223857013
2017-06-17,1,12,110,85.58681099003259
2017-06-18,1,12,92,84.28462338250418
2017-06-19,1,12,63,90.52933513073683
2017-06-20,1,12,67,71.32122383951315
2017-06-21,1,12,84,80.61192937111565
2017-06-22,1,12,85,72.04369408530505
2017-06-23,1,12,97,79.50748488767935
2017-06-24,1,12,114,85.38591873630848
2017-06-25,1,12,110,84.1312222468427
2017-06-26,1,12,85,79.86368142726457
2017-06-27,1,12,86,74.67176816594457
2017-06-28,1,12,74,73.69605532269063
2017-06-29,1,12,93,74.13236714252342
2017-06-30,1,12,93,81.10356100112094
2017-07-01,1,12,103,83.32614701226423
2017-07-02,1,12,104,89.58248709766274
2017-07-03,1,12,66,81.18976604718708
2017-07-04,1,12,91,87.21825391511284
2017-07-05,1,12,91,84.77707018594838
2017-07-06,1,12,100,85.6040892475878
2017-07-07,1,12,110,80.31790421352726
2017-07-08,1,12,104,101.28076638102749
2017-07-09,1,12,116,89.15444995028864
2017-07-10,1,12,82,94.0762113331031
2017-07-11,1,12,94,91.6463897931086
2017-07-12,1,12,100,81.44726354688885
2017-07-13,1,12,100,78.499910140124
2017-07-14,1,12,84,81.17956862369645
2017-07-15,1,12,99,81.62748553635295
2017-07-16,1,12,133,90.35027115440244
2017-07-17,1,12,68,90.7191771853718
2017-07-18,1,12,77,78.0214718681849
2017-07-19,1,12,88,84.35947222078977
2017-07-20,1,12,92,83.09740223282316
2017-07-21,1,12,104,81.27778846860994
2017-07-22,1,12,118,87.71128961023638
2017-07-23,1,12,119,90.14790955246936
2017-07-24,1,12,74,101.30333694135048
2017-07-25,1,12,69,76.15101530820816
2017-07-26,1,12,97,76.40279665514203
2017-07-27,1,12,95,83.65430869953447
2017-07-28,1,12,100,78.91134449501548
2017-07-29,1,12,86,90.6630593469128
2017-07-30,1,12,104,90.13188956322782
2017-07-31,1,12,80,70.5081003797752
2017-08-01,1,12,65,74.28892898165238
2017-08-02,1,12,101,78.60357893073673
2017-08-03,1,12,78,70.88587574750892
2017-08-04,1,12,84,70.11462757254883
2017-08-05,1,12,98,75.37042900008366
2017-08-06,1,12,103,87.3677028004256
2017-08-07,1,12,59,83.4937201195477
2017-08-08,1,12,73,67.79295110494215
2017-08-09,1,12,71,78.78975313808614
2017-08-10,1,12,76,68.07595867004234
2017-08-11,1,12,83,75.30889108440137
2017-08-12,1,12,100,85.98411017935165
2017-08-13,1,12,94,77.51286352096152
2017-08-14,1,12,68,84.61215653513398
2017-08-15,1,12,77,79.42818715529708
2017-08-16,1,12,68,74.4262766778406
2017-08-17,1,12,90,70.46603882224427
2017-08-18,1,12,90,71.67078938061822
2017-08-19,1,12,86,80.44139166164011
2017-08-20,1,12,96,82.12208518025867
2017-08-21,1,12,64,71.01902042562907
2017-08-22,1,12,64,73.54044924915722
2017-08-23,1,12,64,68.30630549600349
2017-08-24,1,12,65,68.36705841362937
2017-08-25,1,12,80,78.10137848699792
2017-08-26,1,12,81,79.29817102887569
2017-08-27,1,12,100,79.74331538953948
2017-08-28,1,12,53,82.43122565815318
2017-08-29,1,12,62,75.71812918909212
2017-08-30,1,12,87,68.53022878689733
2017-08-31,1,12,84,69.82523891672619
2017-09-01,1,12,96,73.2717316731604
2017-09-02,1,12,81,77.79152970531428
2017-09-03,1,12,102,67.25093320047048
2017-09-04,1,12,56,65.20087094725804
2017-09-05,1,12,69,71.8957019589223
2017-09-06,1,12,63,64.49604224536533
2017-09-07,1,12,74,73.48119176965834
2017-09-08,1,12,68,66.45916311591135
2017-09-09,1,12,79,78.46807742412997
2017-09-10,1,12,95,69.16021864720548
2017-09-11,1,12,74,79.82350266191453
2017-09-12,1,12,53,70.63066281466831
2017-09-13,1,12,81,65.87349900807992
2017-09-14,1,12,60,69.3874604330328
2017-09-15,1,12,78,66.55748200695952
2017-09-16,1,12,79,69.83827634539972
2017-09-17,1,12,73,80.81118232727837
2017-09-18,1,12,57,74.96988399814069
2017-09-19,1,12,75,71.00763599449553
2017-09-20,1,12,80,60.78973194680457
2017-09-21,1,12,68,68.30243812621046
2017-09-22,1,12,77,67.81573813264406
2017-09-23,1,12,96,73.2550829930155
2017-09-24,1,12,97,73.96891076476777
2017-09-25,1,12,47,68.14683560130118
2017-09-26,1,12,69,68.63837902100269
2017-09-27,1,12,76,60.98324160012522
2017-09-28,1,12,83,63.49884541870008
2017-09-29,1,12,87,68.00181472344308
2017-09-30,1,12,75,68.18521046798514
2017-10-01,1,12,87,64.36734328725008
2017-10-02,1,12,49,68.85112573587398
2017-10-03,1,12,62,57.38132029898618
2017-10-04,1,12,63,60.622367070436994
2017-10-05,1,12,68,58.49385626388406
2017-10-06,1,12,75,59.413356822392515
2017-10-07,1,12,72,68.36075518109543
2017-10-08,1,12,66,66.83572793876327
2017-10-09,1,12,49,70.01977341330698
2017-10-10,1,12,69,64.84897138982438
2017-10-11,1,12,58,61.130869457045
2017-10-12,1,12,69,60.13562260710587
2017-10-13,1,12,74,72.14320568634763
2017-10-14,1,12,75,63.563601792383096
2017-10-15,1,12,76,69.27352585145702
2017-10-16,1,12,50,66.23210834230639
2017-10-17,1,12,69,61.253423145732356
2017-10-18,1,12,74,59.023750535000204
2017-10-19,1,12,84,62.80295897310455
2017-10-20,1,12,70,61.27243685441674
2017-10-21,1,12,80,63.77139044155244
2017-10-22,1,12,79,69.54983065896357
2017-10-23,1,12,54,62.92154844842618
2017-10-24,1,12,70,63.26274095463482
2017-10-25,1,12,56,63.30046851848526
2017-10-26,1,12,63,57.02186947063577
2017-10-27,1,12,71,67.50873963070187
2017-10-28,1,12,71,68.51764391709916
2017-10-29,1,12,86,71.46367895800829
2017-10-30,1,12,55,80.83418383180705
2017-10-31,1,12,69,74.12438671824852
2017-11-01,1,12,76,70.67344766473019
2017-11-02,1,12,71,63.644349934762374
2017-11-03,1,12,87,67.405256988072
2017-11-04,1,12,74,70.58014187023763
2017-11-05,1,12,97,75.11928513404423
2017-11-06,1,12,72,75.98244841954192
2017-11-07,1,12,78,69.85618593484698
2017-11-08,1,12,78,66.35479284957806
2017-11-09,1,12,71,64.37598512711443
2017-11-10,1,12,86,75.61685343958824
2017-11-11,1,12,79,78.76456219046975
2017-11-12,1,12,89,81.78174788347171
2017-11-13,1,12,53,66.98877686041821
2017-11-14,1,12,75,73.07393435932212
2017-11-15,1,12,65,63.11489579089841
2017-11-16,1,12,79,64.62895098356891
2017-11-17,1,12,88,68.84647161352555
2017-11-18,1,12,81,69.80258548032268
2017-11-19,1,12,86,74.54490115638474
2017-11-20,1,12,57,67.75415536583262
2017-11-21,1,12,72,71.53020318791947
2017-11-22,1,12,85,62.059061958683785
2017-11-23,1,12,78,68.31475564648294
2017-11-24,1,12,69,79.36081126497096
2017-11-25,1,12,79,69.09223238975473
2017-11-26,1,12,98,70.57963978841518
2017-11-27,1,12,54,70.95740249521668
2017-11-28,1,12,61,67.04160202218362
2017-11-29,1,12,64,50.33277169618816
2017-11-30,1,12,75,44.010997945624055
2017-12-01,1,12,53,51.53476511728042
2017-12-02,1,12,61,52.28194804985509
2017-12-03,1,12,72,56.74416385256291
2017-12-04,1,12,44,52.71928222868148
2017-12-05,1,12,55,47.23717736196512
2017-12-06,1,12,55,44.06487312693896
2017-12-07,1,12,52,45.58753120252932
2017-12-08,1,12,59,48.80500025018456
2017-12-09,1,12,75,51.05873346638327
2017-12-10,1,12,51,57.814647314217815
2017-12-11,1,12,55,51.97437041723694
2017-12-12,1,12,45,50.52748074059295
2017-12-13,1,12,49,50.05925027015845
2017-12-14,1,12,41,50.60656203080805
2017-12-15,1,12,55,57.31991318797822
2017-12-16,1,12,56,50.85807755097295
2017-12-17,1,12,59,52.851103799207365
2017-12-18,1,12,49,51.55755136087383
2017-12-19,1,12,42,47.835396273580045
2017-12-20,1,12,54,50.63605584924035
2017-12-21,1,12,57,48.96400070035025
2017-12-22,1,12,54,51.18431436126134
2017-12-23,1,12,60,57.20651529662892
2017-12-24,1,12,58,53.197769148315906
2017-12-25,1,12,53,48.40673648589643
2017-12-26,1,12,59,49.67838347119863
2017-12-27,1,12,47,46.51727606840878
2017-12-28,1,12,49,49.065779461961924
2017-12-29,1,12,58,47.810785222710194
2017-12-30,1,12,52,51.431097937823395
2017-12-31,1,12,60,54.808123192160835
2017-01-01,7,1,15,14.24672392467593
2017-01-02,7,1,6,11.751387338325053
2017-01-03,7,1,8,11.007345352349185
2017-01-04,7,1,8,11.263048645708665
2017-01-05,7,1,13,10.008234531203307
2017-01-06,7,1,17,13.251825640064734
2017-01-07,7,1,8,11.250653372877245
2017-01-08,7,1,21,12.25938115426123
2017-01-09,7,1,8,12.263186730371352
2017-01-10,7,1,8,10.022624210980903
2017-01-11,7,1,17,14.510307261607494
2017-01-12,7,1,14,10.518686328678625
2017-01-13,7,1,13,14.524988617946933
2017-01-14,7,1,13,12.518905308302946
2017-01-15,7,1,14,16.51306000920377
2017-01-16,7,1,8,11.017667462942978
2017-01-17,7,1,10,11.026235360688009
2017-01-18,7,1,14,14.28125251129012
2017-01-19,7,1,10,10.27799095089593
2017-01-20,7,1,12,14.511420437457993
2017-01-21,7,1,13,15.277588782988836
2017-01-22,7,1,11,12.77753264496467
2017-01-23,7,1,5,10.528953924772196
2017-01-24,7,1,8,17.03536942459263
2017-01-25,7,1,13,11.542654567004568
2017-01-26,7,1,15,13.040081311288287
2017-01-27,7,1,13,12.784493248520636
2017-01-28,7,1,12,12.284131488587523
2017-01-29,7,1,10,13.536816583683851
2017-01-30,7,1,10,11.54708883810397
2017-01-31,7,1,9,12.54582128379472
2017-02-01,7,1,14,14.045061427998462
2017-02-02,7,1,16,14.537571771205188
2017-02-03,7,1,8,12.54330999979511
2017-02-04,7,1,10,14.280697633680042
2017-02-05,7,1,21,17.036401947997696
2017-02-06,7,1,6,14.540594680041876
2017-02-07,7,1,14,16.29668175655943
2017-02-08,7,1,21,13.062208662469555
2017-02-09,7,1,12,10.78479985448261
2017-02-10,7,1,14,14.799937367283045
2017-02-11,7,1,20,13.29216925742827
2017-02-12,7,1,16,13.048034902713784
2017-02-13,7,1,8,13.036609143010567
2017-02-14,7,1,24,16.804473816737605
2017-02-15,7,1,10,12.814411457840848
2017-02-16,7,1,15,13.052706108053327
2017-02-17,7,1,17,15.297847269606512
2017-02-18,7,1,14,15.547767350843232
2017-02-19,7,1,15,12.804565836902551
2017-02-20,7,1,8,14.800200703915165
2017-02-21,7,1,14,16.551012976848845
2017-02-22,7,1,8,17.56838674958939
2017-02-23,7,1,10,12.297787638721484
2017-02-24,7,1,14,15.290850739930118
2017-02-25,7,1,13,12.797329304063341
2017-02-26,7,1,14,16.54338585898171
2017-02-27,7,1,12,16.798205701871737
2017-02-28,7,1,10,15.57066217142764
2017-03-01,7,1,15,17.548944997424186
2017-03-02,7,1,13,13.803604465521458
2017-03-03,7,1,22,17.552179961849248
2017-03-04,7,1,19,17.307775563269796
2017-03-05,7,1,10,16.81163758591978
2017-03-06,7,1,11,14.046501601714862
2017-03-07,7,1,9,19.05895872526341
2017-03-08,7,1,17,13.565039853726592
2017-03-09,7,1,15,16.296609056266693
2017-03-10,7,1,13,16.304126119094203
2017-03-11,7,1,23,19.810169003063134
2017-03-12,7,1,23,16.810670961219884
2017-03-13,7,1,13,17.304375269975843
2017-03-14,7,1,18,15.559007487550314
2017-03-15,7,1,17,15.316616887301999
2017-03-16,7,1,8,18.798800574031638
2017-03-17,7,1,24,19.053355177995815
2017-03-18,7,1,19,14.556866429109707
2017-03-19,7,1,15,18.043834961429877
2017-03-20,7,1,6,14.305310725222073
2017-03-21,7,1,12,14.060863216287974
2017-03-22,7,1,20,12.555017058149303
2017-03-23,7,1,15,16.0465210524151
2017-03-24,7,1,14,15.80912469157659
2017-03-25,7,1,11,15.046286441348654
2017-03-26,7,1,19,16.559922184747254
2017-03-27,7,1,14,18.05617702675379
2017-03-28,7,1,13,15.555190960258445
2017-03-29,7,1,12,16.065627093959503
2017-03-30,7,1,15,15.043908353420317
2017-03-31,7,1,20,19.550133527696936
2017-04-01,7,1,25,18.80667673300623
2017-04-02,7,1,19,22.561781736846186
2017-04-03,7,1,16,19.79209058524911
2017-04-04,7,1,16,17.30766160415688
2017-04-05,7,1,15,16.816198474211458
2017-04-06,7,1,12,17.54512631691874
2017-04-07,7,1,12,17.06016565600386
2017-04-08,7,1,29,19.549586239091155
2017-04-09,7,1,23,23.810837115421016
2017-04-10,7,1,18,18.570867979110268
2017-04-11,7,1,19,18.80805962635781
2017-04-12,7,1,15,18.820081311076898
2017-04-13,7,1,20,19.534318664443195
2017-04-14,7,1,30,16.05751720520963
2017-04-15,7,1,30,19.805082145356966
2017-04-16,7,1,26,19.546399106041548
2017-04-17,7,1,14,21.826544511948907
2017-04-18,7,1,15,21.056611425930253
2017-04-19,7,1,23,20.313491018467566
2017-04-20,7,1,13,15.792785036348324
2017-04-21,7,1,27,18.792553384657715
2017-04-22,7,1,19,19.785269427586304
2017-04-23,7,1,27,24.782400144367582
2017-04-24,7,1,14,20.056011207921006
2017-04-25,7,1,18,20.053070991739727
2017-04-26,7,1,12,21.067697534407564
2017-04-27,7,1,14,18.79634320171121
2017-04-28,7,1,16,17.546567494925128
2017-04-29,7,1,18,19.290073380820917
2017-04-30,7,1,22,18.30685700369713
2017-05-01,7,1,15,18.53192279198902
2017-05-02,7,1,23,16.805174343174887
2017-05-03,7,1,17,20.037513239531776
2017-05-04,7,1,16,16.80205718813427
2017-05-05,7,1,28,19.797025957787046
2017-05-06,7,1,19,18.55468033538519
2017-05-07,7,1,31,16.549755844195836
2017-05-08,7,1,15,19.29268644092519
2017-05-09,7,1,14,18.549372552340582
2017-05-10,7,1,17,18.55884380714991
2017-05-11,7,1,18,17.803262663930372
2017-05-12,7,1,18,19.536777943716686
2017-05-13,7,1,19,21.047820327735412
2017-05-14,7,1,24,19.03527059174487
2017-05-15,7,1,16,18.046945251618958
2017-05-16,7,1,19,16.55508475867889
2017-05-17,7,1,14,19.312753139539954
2017-05-18,7,1,17,19.036874719066038
2017-05-19,7,1,20,17.050981653384778
2017-05-20,7,1,21,17.540246590222914
2017-05-21,7,1,19,19.78170674184104
2017-05-22,7,1,17,14.047769530450454
2017-05-23,7,1,22,18.55359837343531
2017-05-24,7,1,15,19.80974351686522
2017-05-25,7,1,28,16.536305620067914
2017-05-26,7,1,24,21.039746557147105
2017-05-27,7,1,20,17.28626285902625
2017-05-28,7,1,27,21.029904809415203
2017-05-29,7,1,23,20.288602927104822
2017-05-30,7,1,22,22.055522839766617
2017-05-31,7,1,15,19.563701218064413
2017-06-01,7,1,22,19.78638666036396
2017-06-02,7,1,17,19.539536929014613
2017-06-03,7,1,16,20.80069635650704
2017-06-04,7,1,19,19.023606135766208
2017-06-05,7,1,16,20.282152385643897
2017-06-06,7,1,22,17.550526025025924
2017-06-07,7,1,24,17.797714388606472
2017-06-08,7,1,22,20.032440562118918
2017-06-09,7,1,22,18.298191244864963
2017-06-10,7,1,18,22.53805874245543
2017-06-11,7,1,18,26.539885538531728
2017-06-12,7,1,17,18.03852307501558
2017-06-13,7,1,19,24.28281657806205
2017-06-14,7,1,23,21.275402466411453
2017-06-15,7,1,21,19.04028288569249
2017-06-16,7,1,21,19.291888602756345
2017-06-17,7,1,30,21.807291387756038
2017-06-18,7,1,22,19.55075909115011
2017-06-19,7,1,17,18.552718280710952
2017-06-20,7,1,18,19.549934107216913
2017-06-21,7,1,21,20.796829349538434
2017-06-22,7,1,31,20.278920642810757
2017-06-23,7,1,24,19.784576784755945
2017-06-24,7,1,21,24.266604454394987
2017-06-25,7,1,30,22.03626952256572
2017-06-26,7,1,10,24.54432496738818
2017-06-27,7,1,9,22.048179519241916
2017-06-28,7,1,21,20.798459032147452
2017-06-29,7,1,23,19.527494776592263
2017-06-30,7,1,23,20.28868893316799
2017-07-01,7,1,23,23.053343710026127
2017-07-02,7,1,19,23.05114461983414
2017-07-03,7,1,23,24.78213881603302
2017-07-04,7,1,21,17.78660841328073
2017-07-05,7,1,20,17.779206761250197
2017-07-06,7,1,16,17.537013234717577
2017-07-07,7,1,30,23.301808675636764
2017-07-08,7,1,26,23.057374382992773
2017-07-09,7,1,27,26.057306222043668
2017-07-10,7,1,15,24.025923426123022
2017-07-11,7,1,9,22.77908314089136
2017-07-12,7,1,22,21.289614995364957
2017-07-13,7,1,27,22.551150311093405
2017-07-14,7,1,27,20.037936349057745
2017-07-15,7,1,34,24.04302579682405
2017-07-16,7,1,22,22.03542746245604
2017-07-17,7,1,26,20.01854106235934
2017-07-18,7,1,17,20.790866120961283
2017-07-19,7,1,21,19.540846981774216
2017-07-20,7,1,22,20.044812650823314
2017-07-21,7,1,28,19.28206086778742
2017-07-22,7,1,27,22.037511721441298
2017-07-23,7,1,30,20.77630343412887
2017-07-24,7,1,15,22.042222091399022
2017-07-25,7,1,19,25.04942773606379
2017-07-26,7,1,27,25.030268285904764
2017-07-27,7,1,22,22.309000990525725
2017-07-28,7,1,18,16.032702686846076
2017-07-29,7,1,19,19.282004171787644
2017-07-30,7,1,29,18.044795101933005
2017-07-31,7,1,17,20.030286918135893
2017-08-01,7,1,18,22.02770787410194
2017-08-02,7,1,19,17.294327057895643
2017-08-03,7,1,19,18.025599096093643
2017-08-04,7,1,19,18.299219082977306
2017-08-05,7,1,26,17.301432028726186
2017-08-06,7,1,14,19.546404391699966
2017-08-07,7,1,20,18.785654724434846
2017-08-08,7,1,18,17.04004276898161
2017-08-09,7,1,21,17.793214204641362
2017-08-10,7,1,16,17.28217968756991
2017-08-11,7,1,21,17.043027383504782
2017-08-12,7,1,16,23.81031549482872
2017-08-13,7,1,18,21.282729740127024
2017-08-14,7,1,10,21.774401935612296
2017-08-15,7,1,16,18.294891196942217
2017-08-16,7,1,18,16.290465086648602
2017-08-17,7,1,19,18.290377551986506
2017-08-18,7,1,18,17.036003737482165
2017-08-19,7,1,15,18.786553231903213
2017-08-20,7,1,25,23.028753050663905
2017-08-21,7,1,14,17.789324109589863
2017-08-22,7,1,22,20.781916198836456
2017-08-23,7,1,18,18.530299464883655
2017-08-24,7,1,21,15.787037981513844
2017-08-25,7,1,21,20.532860835155784
2017-08-26,7,1,25,22.52817614645383
2017-08-27,7,1,14,22.05611619116238
2017-08-28,7,1,19,22.269412619855608
2017-08-29,7,1,9,19.523818802835752
2017-08-30,7,1,23,19.039331448138835
2017-08-31,7,1,22,18.799949297903474
2017-09-01,7,1,10,20.777934655798475
2017-09-02,7,1,18,17.782914304531754
2017-09-03,7,1,20,19.797634031788178
2017-09-04,7,1,9,17.78282377501674
2017-09-05,7,1,16,15.802380098908916
2017-09-06,7,1,17,17.783422232344183
2017-09-07,7,1,24,15.047208625678202
2017-09-08,7,1,20,18.034902993757463
2017-09-09,7,1,28,17.793119630961368
2017-09-10,7,1,24,19.042168552383323
2017-09-11,7,1,15,17.275040763233836
2017-09-12,7,1,16,16.79557543396903
2017-09-13,7,1,17,16.78624247265673
2017-09-14,7,1,23,16.538724336476463
2017-09-15,7,1,17,16.793290227050473
2017-09-16,7,1,18,17.80082168248246
2017-09-17,7,1,26,16.29485144634082
2017-09-18,7,1,14,20.285072512508496
2017-09-19,7,1,17,16.5371304830428
2017-09-20,7,1,14,20.309604225756242
2017-09-21,7,1,11,19.798429484513814
2017-09-22,7,1,19,15.040786433426348
2017-09-23,7,1,17,21.041107152139524
2017-09-24,7,1,23,20.29776368031918
2017-09-25,7,1,22,20.022167327558044
2017-09-26,7,1,14,17.290532348587394
2017-09-27,7,1,26,17.535282879126544
2017-09-28,7,1,11,17.30544318591048
2017-09-29,7,1,17,17.036925865281457
2017-09-30,7,1,17,14.043932372708522
2017-10-01,7,1,23,18.28650833328044
2017-10-02,7,1,9,19.533763310404154
2017-10-03,7,1,15,20.035052136800665
2017-10-04,7,1,13,15.54825647480516
2017-10-05,7,1,18,15.303682603322056
2017-10-06,7,1,18,15.795694147441019
2017-10-07,7,1,19,19.80523531094429
2017-10-08,7,1,13,19.299714169486748
2017-10-09,7,1,10,20.294502529015737
2017-10-10,7,1,19,18.554046500358986
2017-10-11,7,1,22,17.79826663146726
2017-10-12,7,1,21,14.299645540214975
2017-10-13,7,1,29,17.544650201462236
2017-10-14,7,1,18,18.798913143723013
2017-10-15,7,1,21,17.549299238388492
2017-10-16,7,1,12,17.03396079808381
2017-10-17,7,1,13,16.789345403887467
2017-10-18,7,1,16,16.046402742329075
2017-10-19,7,1,19,15.048818490145953
2017-10-20,7,1,16,16.536022384331105
2017-10-21,7,1,23,21.051994167213206
2017-10-22,7,1,10,17.034936304199555
2017-10-23,7,1,15,14.040145502922703
2017-10-24,7,1,15,17.52961551913191
2017-10-25,7,1,15,17.29496964242976
2017-10-26,7,1,12,13.035647911882842
2017-10-27,7,1,13,14.299892921518445
2017-10-28,7,1,18,17.800808537384505
2017-10-29,7,1,19,17.536932134105587
2017-10-30,7,1,16,20.295093771001838
2017-10-31,7,1,8,18.80370126961284
2017-11-01,7,1,15,18.046051855897435
2017-11-02,7,1,13,18.794531001652956
2017-11-03,7,1,17,15.796986094221712
2017-11-04,7,1,20,18.293494266852225
2017-11-05,7,1,21,21.54074993364282
2017-11-06,7,1,20,20.286423341724074
2017-11-07,7,1,13,17.804611718488207
2017-11-08,7,1,19,19.80255323706973
2017-11-09,7,1,18,17.30637706666835
2017-11-10,7,1,13,16.78597335059155
2017-11-11,7,1,28,18.31153595977878
2017-11-12,7,1,16,22.563415419490166
2017-11-13,7,1,8,17.038087238719914
2017-11-14,7,1,21,20.2880396268297
2017-11-15,7,1,12,14.79393673662645
2017-11-16,7,1,12,15.546880737002246
2017-11-17,7,1,21,15.789319826586556
2017-11-18,7,1,15,17.30529143879385
2017-11-19,7,1,25,17.0511364462702
2017-11-20,7,1,7,19.28128674416661
2017-11-21,7,1,16,15.288742969777509
2017-11-22,7,1,16,19.293474558558447
2017-11-23,7,1,21,16.552833266010296
2017-11-24,7,1,18,14.29864916052383
2017-11-25,7,1,24,17.54558303980116
2017-11-26,7,1,26,18.797399241459374
2017-11-27,7,1,12,17.044483132447738
2017-11-28,7,1,15,19.793288926563996
2017-11-29,7,1,12,15.308648244179627
2017-11-30,7,1,29,14.79781097345182
2017-12-01,7,1,15,14.797998026779318
2017-12-02,7,1,17,14.548538139395324
2017-12-03,7,1,9,15.29449546322893
2017-12-04,7,1,9,16.03788685902086
2017-12-05,7,1,13,14.795914750684746
2017-12-06,7,1,15,15.550950610701037
2017-12-07,7,1,12,11.045314858568707
2017-12-08,7,1,21,12.043032544267941
2017-12-09,7,1,15,11.052652529754667
2017-12-10,7,1,17,12.80069418659501
2017-12-11,7,1,7,12.043256111643178
2017-12-12,7,1,10,13.796231220539195
2017-12-13,7,1,12,14.803534366507954
2017-12-14,7,1,14,15.292790234115227
2017-12-15,7,1,15,11.793939812824
2017-12-16,7,1,12,13.544547493703735
2017-12-17,7,1,10,14.329070889953847
2017-12-18,7,1,10,17.539776023823432
2017-12-19,7,1,13,10.29995866595808
2017-12-20,7,1,10,15.304584693636867
2017-12-21,7,1,10,14.544574290111163
2017-12-22,7,1,12,15.551662618685913
2017-12-23,7,1,14,16.31685233970805
2017-12-24,7,1,13,17.060554519070905
2017-12-25,7,1,8,11.79930858690236
2017-12-26,7,1,9,15.801458664199778
2017-12-27,7,1,13,12.043522085362692
2017-12-28,7,1,18,13.055617369776801
2017-12-29,7,1,18,10.30996993340046
2017-12-30,7,1,17,13.555506672245079
2017-12-31,7,1,16,12.723952644865498
2017-01-01,7,12,48,41.09981353013943
2017-01-02,7,12,29,40.56476840288706
2017-01-03,7,12,43,41.78293116711606
2017-01-04,7,12,32,34.74943616627964
2017-01-05,7,12,36,30.734477308693762
2017-01-06,7,12,49,40.95768520605012
2017-01-07,7,12,40,39.17588321256798
2017-01-08,7,12,35,38.64604618761864
2017-01-09,7,12,33,37.3636724190023
2017-01-10,7,12,32,37.585485659447514
2017-01-11,7,12,30,33.05883363824134
2017-01-12,7,12,35,32.54449670169676
2017-01-13,7,12,44,39.5043470602386
2017-01-14,7,12,42,34.23017148353705
2017-01-15,7,12,43,42.19220436076566
2017-01-16,7,12,25,40.164517186596186
2017-01-17,7,12,36,33.6406225237445
2017-01-18,7,12,33,35.107060050756694
2017-01-19,7,12,30,34.3364687167913
2017-01-20,7,12,31,35.05785541557674
2017-01-21,7,12,41,37.534793401267926
2017-01-22,7,12,36,41.49931322572067
2017-01-23,7,12,22,42.96559045069918
2017-01-24,7,12,27,37.93685640408829
2017-01-25,7,12,30,40.16093232323034
2017-01-26,7,12,43,35.88773749692488
2017-01-27,7,12,42,37.607482893150504
2017-01-28,7,12,62,36.57146346263467
2017-01-29,7,12,39,38.54291529626916
2017-01-30,7,12,35,45.25926075957841
2017-01-31,7,12,36,42.22764614974537
2017-02-01,7,12,39,40.95554842978378
2017-02-02,7,12,33,34.18619778940834
2017-02-03,7,12,39,41.393049517371075
2017-02-04,7,12,42,37.113032850291546
2017-02-05,7,12,51,46.58803314439348
2017-02-06,7,12,35,43.297488860973544
2017-02-07,7,12,37,34.264088035862486
2017-02-08,7,12,40,37.98958121595535
2017-02-09,7,12,45,35.72159936400618
2017-02-10,7,12,44,33.194068468953006
2017-02-11,7,12,33,33.404162633297155
2017-02-12,7,12,50,43.8844566722122
2017-02-13,7,12,36,40.0912759283348
2017-02-14,7,12,35,34.820288777078645
2017-02-15,7,12,34,41.290026327816484
2017-02-16,7,12,54,41.51813926131021
2017-02-17,7,12,43,36.23325806250885
2017-02-18,7,12,38,42.4600077957647
2017-02-19,7,12,45,46.164593447817936
2017-02-20,7,12,26,39.89174790523912
2017-02-21,7,12,29,38.359841507761544
2017-02-22,7,12,35,35.32836650030494
2017-02-23,7,12,43,35.3052343917642
2017-02-24,7,12,35,42.02341077112081
2017-02-25,7,12,59,39.235708694629466
2017-02-26,7,12,51,44.9537705375581
2017-02-27,7,12,41,45.430733352629346
2017-02-28,7,12,54,44.390250180729865
2017-03-01,7,12,44,53.60882268879189
2017-03-02,7,12,50,45.341866673879686
2017-03-03,7,12,50,50.81531788430751
2017-03-04,7,12,67,45.52026087385276
2017-03-05,7,12,61,53.242930248184834
2017-03-06,7,12,43,46.45009889005129
2017-03-07,7,12,45,47.421800615658334
2017-03-08,7,12,66,40.13875507042924
2017-03-09,7,12,49,40.85954794156785
2017-03-10,7,12,42,51.07579005620006
2017-03-11,7,12,57,49.04178578639884
2017-03-12,7,12,53,53.519540842764364
2017-03-13,7,12,31,46.23475110838769
2017-03-14,7,12,43,47.94155586094634
2017-03-15,7,12,47,42.668582923449286
2017-03-16,7,12,57,41.140884473418346
2017-03-17,7,12,58,48.355450136057044
2017-03-18,7,12,60,43.565427569490495
2017-03-19,7,12,70,46.2958079552584
2017-03-20,7,12,42,45.50509972068331
2017-03-21,7,12,46,44.7197777128419
2017-03-22,7,12,51,44.938163132047336
2017-03-23,7,12,60,39.413856127356915
2017-03-24,7,12,51,43.377412012760416
2017-03-25,7,12,45,45.09421044455753
2017-03-26,7,12,69,48.31166902079519
2017-03-27,7,12,42,51.26803340561124
2017-03-28,7,12,45,49.74429134909251
2017-03-29,7,12,50,45.4532673418073
2017-03-30,7,12,53,47.432720367718126
2017-03-31,7,12,47,52.650852043990696
2017-04-01,7,12,66,52.61027733483918
2017-04-02,7,12,76,57.819356678651864
2017-04-03,7,12,53,52.29471379103405
2017-04-04,7,12,50,56.51300472655744
2017-04-05,7,12,53,46.22516400297036
2017-04-06,7,12,46,48.95052083367688
2017-04-07,7,12,63,54.9172307559824
2017-04-08,7,12,66,47.630095767140645
2017-04-09,7,12,90,54.84850048702099
2017-04-10,7,12,51,55.30850771771988
2017-04-11,7,12,49,57.76874137137493
2017-04-12,7,12,61,50.978758826225615
2017-04-13,7,12,63,42.95992891284827
2017-04-14,7,12,58,50.67933469936962
2017-04-15,7,12,60,55.14392412869756
2017-04-16,7,12,72,58.60767392084005
2017-04-17,7,12,36,52.8147238999911
2017-04-18,7,12,53,52.03082768592651
2017-04-19,7,12,56,49.75332435700019
2017-04-20,7,12,49,50.72207795842585
2017-04-21,7,12,59,50.441627361634026
2017-04-22,7,12,67,57.406778052193
2017-04-23,7,12,71,56.87201091848664
2017-04-24,7,12,52,55.083094977154666
2017-04-25,7,12,34,53.29847685837177
2017-04-26,7,12,50,48.51705143951047
2017-04-27,7,12,69,42.74386532287653
2017-04-28,7,12,51,47.46055088302299
2017-04-29,7,12,44,57.92058007329891
2017-04-30,7,12,69,58.12906593763017
2017-05-01,7,12,34,58.58034795203034
2017-05-02,7,12,60,55.04982469306714
2017-05-03,7,12,63,53.265380422624744
2017-05-04,7,12,50,52.00102298022091
2017-05-05,7,12,49,49.96580051357201
2017-05-06,7,12,66,58.6856858294466
2017-05-07,7,12,60,59.90010036538098
2017-05-08,7,12,59,62.85046916350001
2017-05-09,7,12,65,51.327344914622905
2017-05-10,7,12,69,50.04057778024131
2017-05-11,7,12,62,47.51322584898866
2017-05-12,7,12,80,54.22239412928914
2017-05-13,7,12,71,55.18726262535253
2017-05-14,7,12,82,57.64327464836346
2017-05-15,7,12,52,62.374841807032
2017-05-16,7,12,76,58.086180159416216
2017-05-17,7,12,43,47.5523164440759
2017-05-18,7,12,74,46.02656570332804
2017-05-19,7,12,66,50.73658609599211
2017-05-20,7,12,71,60.45695922584676
2017-05-21,7,12,78,60.6751376207677
2017-05-22,7,12,52,49.632460849628714
2017-05-23,7,12,57,50.099376258314315
2017-05-24,7,12,55,50.05069937242383
2017-05-25,7,12,77,45.54241781334549
2017-05-26,7,12,75,56.00666435332963
2017-05-27,7,12,77,67.72086248634176
2017-05-28,7,12,74,56.67409730870255
2017-05-29,7,12,43,59.14163503277253
2017-05-30,7,12,56,54.60386673849913
2017-05-31,7,12,55,56.08038149581108
2017-06-01,7,12,67,49.554384363468664
2017-06-02,7,12,79,59.01498815706671
2017-06-03,7,12,62,56.97495298871623
2017-06-04,7,12,91,57.93883136253344
2017-06-05,7,12,54,56.399005450634434
2017-06-06,7,12,68,58.860344778685075
2017-06-07,7,12,56,53.575523361191124
2017-06-08,7,12,61,62.05532435864442
2017-06-09,7,12,64,60.517832914734065
2017-06-10,7,12,84,63.22422727521502
2017-06-11,7,12,63,59.94017115113279
2017-06-12,7,12,31,61.145777718505286
2017-06-13,7,12,80,50.61128598025661
2017-06-14,7,12,59,58.07579097112127
2017-06-15,7,12,65,53.557191394755456
2017-06-16,7,12,72,54.513752752983734
2017-06-17,7,12,77,62.725527080682525
2017-06-18,7,12,77,60.444215148290496
2017-06-19,7,12,60,61.39881596943952
2017-06-20,7,12,72,54.362685694889365
2017-06-21,7,12,51,54.074705190333546
2017-06-22,7,12,61,48.05641039422854
2017-06-23,7,12,70,57.52216258267383
2017-06-24,7,12,71,61.233777554992315
2017-06-25,7,12,88,71.69557776062354
2017-06-26,7,12,43,62.16423606000794
2017-06-27,7,12,58,50.87602924748645
2017-06-28,7,12,60,55.852160397839135
2017-06-29,7,12,59,60.31752339187269
2017-06-30,7,12,80,60.02793579295895
2017-07-01,7,12,77,59.23399148935374
2017-07-02,7,12,101,71.70538196520263
2017-07-03,7,12,62,69.1825697716232
2017-07-04,7,12,59,63.38828037770406
2017-07-05,7,12,67,57.86837091036926
2017-07-06,7,12,74,57.072457005418045
2017-07-07,7,12,79,53.52986194585752
2017-07-08,7,12,62,58.48471386748294
2017-07-09,7,12,82,71.69749825721671
2017-07-10,7,12,51,64.17198208535619
2017-07-11,7,12,76,61.39130279506631
2017-07-12,7,12,69,58.10324089723856
2017-07-13,7,12,71,55.071149207676854
2017-07-14,7,12,89,59.28970998156912
2017-07-15,7,12,70,63.74099358803677
2017-07-16,7,12,96,63.197517759849106
2017-07-17,7,12,68,56.934400175640704
2017-07-18,7,12,55,50.89866116404927
2017-07-19,7,12,67,52.86098306932852
2017-07-20,7,12,66,52.819691242727345
2017-07-21,7,12,75,53.28728583812465
2017-07-22,7,12,78,65.75380107869005
2017-07-23,7,12,82,69.70575752175401
2017-07-24,7,12,47,63.94720327686889
2017-07-25,7,12,63,59.657906457518386
2017-07-26,7,12,58,56.87705712591686
2017-07-27,7,12,62,56.592158700606966
2017-07-28,7,12,70,58.54991908392104
2017-07-29,7,12,93,51.51848879635958
2017-07-30,7,12,78,61.46551180363684
2017-07-31,7,12,52,51.4589515866966
2017-08-01,7,12,54,47.16856554475733
2017-08-02,7,12,52,50.61985560387091
2017-08-03,7,12,71,46.60015471550488
2017-08-04,7,12,60,49.810228815121704
2017-08-05,7,12,70,48.27729273315022
2017-08-06,7,12,66,59.73971121610742
2017-08-07,7,12,48,55.72648545788721
2017-08-08,7,12,63,49.94341478010792
2017-08-09,7,12,51,56.90289638078261
2017-08-10,7,12,71,44.36906069194544
2017-08-11,7,12,66,57.08720406602373
2017-08-12,7,12,60,49.05203818464274
2017-08-13,7,12,74,53.76997938159238
2017-08-14,7,12,40,59.24747838845529
2017-08-15,7,12,70,51.46024111698103
2017-08-16,7,12,52,42.68438927069256
2017-08-17,7,12,66,41.902050537245756
2017-08-18,7,12,62,50.1015238059777
2017-08-19,7,12,52,53.811370597668
2017-08-20,7,12,71,59.03076614321485
2017-08-21,7,12,39,52.76132206695327
2017-08-22,7,12,57,48.21851627022094
2017-08-23,7,12,57,53.92186037496145
2017-08-24,7,12,55,49.403441023569826
2017-08-25,7,12,49,48.11191601988546
2017-08-26,7,12,61,50.57931671074112
2017-08-27,7,12,84,58.292391616797275
2017-08-28,7,12,42,41.2707803591604
2017-08-29,7,12,65,49.735704420549645
2017-08-30,7,12,58,43.204260375183495
2017-08-31,7,12,54,49.66819698764766
2017-09-01,7,12,47,45.8738122325105
2017-09-02,7,12,73,47.09702536979475
2017-09-03,7,12,66,55.56415559929831
2017-09-04,7,12,42,48.79222470301504
2017-09-05,7,12,48,46.25906161302733
2017-09-06,7,12,55,48.72515150827582
2017-09-07,7,12,64,41.18989372571471
2017-09-08,7,12,59,42.40543158114006
2017-09-09,7,12,70,45.61378465848318
2017-09-10,7,12,68,51.828227568857
2017-09-11,7,12,50,44.5658871930132
2017-09-12,7,12,55,53.03111485183132
2017-09-13,7,12,43,43.494932264842674
2017-09-14,7,12,55,47.71370956142765
2017-09-15,7,12,48,43.17792895994518
2017-09-16,7,12,63,52.13913983964153
2017-09-17,7,12,74,51.85467956776904
2017-09-18,7,12,49,53.58588744057262
2017-09-19,7,12,41,49.05756463956096
2017-09-20,7,12,42,45.024296976533435
2017-09-21,7,12,59,40.73642406792176
2017-09-22,7,12,59,54.70917953271848
2017-09-23,7,12,67,43.42528852687227
2017-09-24,7,12,71,51.88823127967129
2017-09-25,7,12,43,46.61751146219306
2017-09-26,7,12,53,49.09338328321081
2017-09-27,7,12,50,45.805351409404096
2017-09-28,7,12,50,38.021748786641204
2017-09-29,7,12,68,42.2330421278236
2017-09-30,7,12,67,40.71446300600053
2017-10-01,7,12,75,46.92382571448922
2017-10-02,7,12,35,45.90528817809062
2017-10-03,7,12,59,48.63152969660168
2017-10-04,7,12,46,40.34336039953069
2017-10-05,7,12,62,36.05969072299916
2017-10-06,7,12,60,41.79132572137773
2017-10-07,7,12,64,48.74625952312969
2017-10-08,7,12,68,43.70773249902549
2017-10-09,7,12,49,46.186443393546455
2017-10-10,7,12,47,38.40355105676573
2017-10-11,7,12,43,30.630300774458632
2017-10-12,7,12,60,42.350260861233906
2017-10-13,7,12,60,37.316878089311686
2017-10-14,7,12,63,42.290344628280984
2017-10-15,7,12,69,49.508048614988915
2017-10-16,7,12,45,41.99977688788079
2017-10-17,7,12,39,46.21057523621802
2017-10-18,7,12,46,45.17639444772794
2017-10-19,7,12,46,36.895653720354375
2017-10-20,7,12,54,36.86304256020013
2017-10-21,7,12,54,36.57974697815182
2017-10-22,7,12,66,50.052526329034684
2017-10-23,7,12,42,43.53817849443998
2017-10-24,7,12,44,44.255640375711195
2017-10-25,7,12,44,36.73055547609799
2017-10-26,7,12,52,38.195705217163656
2017-10-27,7,12,56,37.168676839658744
2017-10-28,7,12,62,40.13124066443594
2017-10-29,7,12,64,39.343829376650255
2017-10-30,7,12,34,53.835118862937634
2017-10-31,7,12,44,46.54894400074584
2017-11-01,7,12,59,40.53109220283939
2017-11-02,7,12,52,44.240847653550624
2017-11-03,7,12,64,44.458151145311234
2017-11-04,7,12,72,45.42810851762792
2017-11-05,7,12,53,52.65040114663523
2017-11-06,7,12,46,46.63974723003351
2017-11-07,7,12,53,43.356381073580046
2017-11-08,7,12,40,45.57272588017368
2017-11-09,7,12,58,40.795718887135635
2017-11-10,7,12,59,49.2612374388965
2017-11-11,7,12,79,45.978468717269244
2017-11-12,7,12,74,49.949097540576645
2017-11-13,7,12,41,43.68477839504846
2017-11-14,7,12,56,45.64217461216389
2017-11-15,7,12,72,46.12701250414861
2017-11-16,7,12,43,40.093274251139334
2017-11-17,7,12,64,47.818789226222414
2017-11-18,7,12,69,50.53916517010168
2017-11-19,7,12,67,47.76089782317653
2017-11-20,7,12,49,47.98427297137042
2017-11-21,7,12,62,46.70937212195152
2017-11-22,7,12,46,46.184717828690985
2017-11-23,7,12,62,42.40786224172421
2017-11-24,7,12,51,47.627593422114856
2017-11-25,7,12,66,45.596521122386534
2017-11-26,7,12,59,48.56824550249831
2017-11-27,7,12,44,49.06141648729569
2017-11-28,7,12,45,47.28067010629275
2017-11-29,7,12,56,37.48918211730895
2017-11-30,7,12,54,21.974875560683383
2017-12-01,7,12,48,31.688616751366084
2017-12-02,7,12,40,28.417319119634904
2017-12-03,7,12,47,33.89689687343106
2017-12-04,7,12,34,24.873276832689715
2017-12-05,7,12,44,29.847189872423705
2017-12-06,7,12,51,27.068833758628635
2017-12-07,7,12,37,23.5417999594554
2017-12-08,7,12,44,30.76760806167131
2017-12-09,7,12,41,31.498056329465456
2017-12-10,7,12,64,28.724912225721276
2017-12-11,7,12,39,28.714993360188704
2017-12-12,7,12,31,27.18714309137445
2017-12-13,7,12,33,25.410763760565768
2017-12-14,7,12,38,33.37680637972823
2017-12-15,7,12,52,26.352820094847193
2017-12-16,7,12,45,30.333915255662014
2017-12-17,7,12,46,35.30716918210577
2017-12-18,7,12,39,34.289799544285096
2017-12-19,7,12,40,33.012114807079534
2017-12-20,7,12,44,26.99822643843042
2017-12-21,7,12,43,27.973377288576785
2017-12-22,7,12,39,35.944974748002714
2017-12-23,7,12,51,34.41121325700671
2017-12-24,7,12,40,33.12771914950455
2017-12-25,7,12,31,33.12299991771856
2017-12-26,7,12,40,28.84239407253637
2017-12-27,7,12,42,24.82125137103096
2017-12-28,7,12,50,28.790964312483112
2017-12-29,7,12,42,29.272045761327306
2017-12-30,7,12,43,28.662777442271285
2017-12-31,7,12,49,30.56974385418623
